ID,Name,Address,ZipCode,FIPS_CODE,Pickup_InStore,Pickup_Curbside,Local_Delivery,POPESTIMATE2017,NPOPCHG_2017,BIRTHS2017,DEATHS2017,NATURALINC2017,INTERNATIONALMIG2017,DOMESTICMIG2017,NETMIG2017,RESIDUAL2017,RBIRTH2017,RDEATH2017,RNATURALINC2017,RINTERNATIONALMIG2017,RDOMESTICMIG2017,RNETMIG2017,2017_sale
0,Massachusetts-Dedham,300 Providence Hwy,2026,50046,1.0,1.0,1.0,2984763,8702,31911,23131,8780,18583,-18617,-34,-44,32.35408715,22.8250979,9.528989252999999,22.71037352,-18.86248753,3.847885998,
1,Massachusetts-Seekonk,1110 Fall River Ave,2771,25005,1.0,1.0,1.0,609675,2761,5909,6050,-141,1853,1094,2947,-45,16.45448777,20.91605045,-4.461562687,3.162180009,4.350066775,7.5122467839999985,8124952.0
2,Rhode Island-Warwick North,650 Bald Hill Rd,2886,88010,1.0,1.0,1.0,1643651,6204,19906,14331,5575,3845,-3173,672,-43,62.3318251,62.96631743,-0.634492339,7.248348845,13.96058666,21.20893551,
3,Connecticut-Manchester,1181 Tolland Turnpike,6042,9003,1.0,1.0,1.0,893076,-1065,9295,8263,1032,4614,-6739,-2125,28,10.40164681,9.246778651,1.154868155,5.16333495,-7.541333817000001,-2.377998866,
4,New York-Albany,161 Washington Ave Ext,12205,36001,1.0,1.0,,346176,656,3514,2942,572,1147,-1062,85,-1,19.72384862,14.17229242,5.551556197999999,9.874437961,-1.020912612,8.853525349,9613180.0
5,New York-Nanuet,5101 Fashion Dr,10954,36087,1.0,1.0,1.0,324622,1364,5344,2196,3148,674,-2468,-1794,10,16.49688214,6.779033154,9.717848984,2.080632216,-7.61869482,-5.5380626039999985,
6,New York-Middletown,100 N Galleria Dr,10941,36071,1.0,1.0,,5222822,42437,62756,33475,29281,28154,-14943,13211,-55,92.75278281,71.08776199,21.66502081,24.05284883,9.10203013,33.15487895,
7,New Jersey-Wayne,"77 Willowbrook Blvd, Ste 81",7470,34031,1.0,1.0,1.0,504402,255,6788,3744,3044,3529,-6337,-2808,19,13.46092257,7.424527713,6.03639486,6.998172622,-12.56656841,-5.568395784,
8,New Jersey-Ocean Township,2341 NJ-66,7712,34025,1.0,1.0,1.0,621990,-981,5753,5485,268,627,-1868,-1241,-8,9.242056579,8.811521004,0.430535575,1.007260468,-3.000897217,-1.993636748,
9,New York-New Hartford,4645 Commercial Dr,13413,72108,1.0,1.0,,331799,-637,3458,3732,-274,552,-904,-352,-11,42.55362366,42.44043044,0.113193206,2.124057061,10.93662035,13.06067741,
10,New Jersey-Brick,1930 N Jersey 88,8724,68054,1.0,1.0,1.0,1217414,3546,14358,12932,1426,958,1197,2155,-35,23.74909135,21.3663017,2.382789645,1.565288186,2.166338295,3.731626482,
11,Pennsylvania-Whitehall Township,2520 MacArthur Road,18052,42077,1.0,1.0,,365577,3279,4229,3410,819,2209,275,2484,-24,11.62012708,9.369740684,2.250386399,6.06972351,0.755624249,6.825347759,
12,Pennsylvania-Willow Grove,2620 Moreland Rd,19090,42091,1.0,1.0,1.0,3752791,33333,45972,30878,15094,14154,4101,18255,-16,214.0230124,197.131075,16.89193749,28.69511824,-7.395507546,21.2996107,
13,New York-Syracuse,9090 Destiny USA Dr,13204,36067,1.0,1.0,,461795,-2314,5157,4399,758,1322,-4412,-3090,18,11.13938378,9.502065008999999,1.637318772,2.85558762,-9.530145674,-6.6745580539999985,7219799.0
14,New Jersey-Cherry Hill,989 Church Rd,8002,34007,1.0,1.0,1.0,615234,535,7328,5821,1507,1462,-2440,-978,6,44.77646293,36.23583187,8.540631057,3.919836475,23.2179813,27.13781778,3665134.0
15,New Jersey-Turnersville,5700 Route 42 N,8012,68022,1.0,1.0,1.0,943490,916,10547,8996,1551,1709,-2339,-630,-5,63.93054319,57.09042878,6.8401144139999985,4.745598958,29.68317078,34.42876973,
16,Pennsylvania-Lancaster,1890 Fruitville Pike,17601,42071,1.0,1.0,1.0,958240,9180,12207,8486,3721,2530,2952,5482,-23,44.09600161,48.17420816,-4.078206557,8.531425994,36.7834233,45.3148493,
17,Pennsylvania-Harrisburg,5070 Jonestown Rd,17112,42043,1.0,1.0,,275714,1518,3434,2635,799,1118,-387,731,-12,12.48931643,9.583386372,2.9059300610000003,4.066119911,-1.407503046,2.658616865,
18,New York-Rochester,1100 Jefferson Rd,14623,36055,1.0,1.0,,1554739,1644,15747,14505,1242,3624,-3183,441,-39,177.9890649,197.860951,-19.87188613,17.317838000000002,-19.87536748,-2.55752948,4081580.0
19,Pennsylvania-York,855 Town Center Dr,17408,42133,1.0,1.0,,997715,12019,10652,9083,1569,931,9519,10450,0,54.92753837,46.99012686,7.937411511,5.108030917,35.50701151,40.61504242,
20,New York-Greece,3049 West Ridge Road,14626,36055,1.0,1.0,,1554739,1644,15747,14505,1242,3624,-3183,441,-39,177.9890649,197.860951,-19.87188613,17.317838000000002,-19.87536748,-2.55752948,
21,Maryland-Glen Burnie,6716 Governor Ritchie Hwy,21061,24003,1.0,1.0,1.0,571339,4085,6960,4407,2553,778,771,1549,-17,12.2256153,7.741133135,4.484482164,1.366598952,1.3543030740000002,2.720902026,
22,Maryland-Crofton,1647 Crofton Center,21114,24003,1.0,1.0,1.0,571339,4085,6960,4407,2553,778,771,1549,-17,12.2256153,7.741133135,4.484482164,1.366598952,1.3543030740000002,2.720902026,
23,Maryland-Frederick,1811 Monocacy Blvd,21701,24021,1.0,1.0,1.0,337078,5441,3812,2611,1201,649,3599,4248,-8,22.86852876,15.63306974,7.23545901,3.482831591,25.14963184,28.63246343,
24,Maryland-Gaithersburg,209 Kentlands Blvd,20878,24031,1.0,1.0,1.0,3752791,33333,45972,30878,15094,14154,4101,18255,-16,214.0230124,197.131075,16.89193749,28.69511824,-7.395507546,21.2996107,
25,Virginia-Leesburg,19460 Compass Creek Pkwy,20175,51107,,,,397049,11503,5238,1440,3798,2318,5376,7694,11,13.38623426,3.680064401,9.706169857999999,5.923881446,13.7389071,19.66278854,
26,Virginia-Chantilly,13910 Metrotech Dr,20151,51059,1.0,1.0,1.0,1148728,4540,14480,5090,9390,10487,-15402,-4915,65,12.63020538,4.439761422,8.190443959,9.147304132,-13.4344215,-4.287117365,7487641.0
27,Virginia-Dale City,2851 Dale Blvd,22193,51153,1.0,1.0,1.0,463069,6573,6629,1975,4654,2641,-718,1923,-4,14.41768662,4.29550929,10.12217733,5.744020271,-1.561607934,4.1824123360000005,8017355.0
28,Virginia-Manassas,8300 Sudley Rd,20109,51153,1.0,1.0,1.0,463069,6573,6629,1975,4654,2641,-718,1923,-4,14.41768662,4.29550929,10.12217733,5.744020271,-1.561607934,4.1824123360000005,6988385.0
29,Virginia-Fredericksburg,3655 Plank Rd,22407,153854,1.0,1.0,1.0,212472,2541,2617,1623,994,304,1250,1554,-7,39.22413444,23.58046886,15.64366558,6.192038153,12.40768854,18.59972669,4554762.0
30,Pennsylvania-Erie,2080 Interchange Rd #500,16565,42049,1.0,1.0,,1267352,-2495,13667,13891,-224,3251,-5503,-2252,-19,32.31559509,35.28390845,-2.968313359,5.560053673,-14.86031548,-9.300261805,5645752.0
31,Virginia-Hampton,1072 W Mercury Blvd,23666,103350,1.0,1.0,1.0,314172,-1411,4510,2920,1590,669,-3668,-2999,-2,28.32280523,18.63655211,9.686253117,4.083454692,-22.79608232,-18.71262764,7895831.0
32,Virginia-Richmond,401 International Center Dr,23150,51087,1.0,1.0,1.0,327559,1628,3880,2873,1007,1826,-1197,629,-8,11.87470352,8.792789484,3.081914031,5.58845583,-3.663407244,1.925048585,7331485.0
33,Pennsylvania-Monroeville,120 Mall Plaza Blvd,15146,84132,1.0,1.0,1.0,1589872,-8868,16182,19248,-3066,3085,-8855,-5770,-32,29.50314391,38.4962942,-8.993150286,2.360031514,-1.7305359319999998,0.629495582,5638382.0
34,Virginia-Chesapeake,1517 Sams Cir,23320,51550,1.0,1.0,1.0,240143,2679,2857,1786,1071,359,1271,1630,-22,11.96381125,7.47895236,4.48485889,1.50332805,5.322367553,6.825695603,15281421.0
35,Pennsylvania-Pittsburgh,3000 Mcintyre Square Dr.,15237,42003,1.0,1.0,1.0,1220141,-6285,13086,14290,-1204,3032,-8096,-5064,-17,10.69743849,11.68167477,-0.984236279,2.478575081,-6.61825325,-4.139678169,8633910.0
36,Virginia-Chesterfield,11500 Midlothian Turnpike,23235,102801,1.0,1.0,1.0,616485,6517,7409,4833,2576,1465,2500,3965,-24,35.45255357,26.97684904,8.475704532,5.9392010520000005,4.89118298,10.83038403,11692422.0
37,Pennsylvania-Coraopolis,2000 Casteel Dr,15108,42003,1.0,1.0,1.0,1220141,-6285,13086,14290,-1204,3032,-8096,-5064,-17,10.69743849,11.68167477,-0.984236279,2.478575081,-6.61825325,-4.139678169,12880339.0
38,Ohio-Niles,5555 Youngstown-Warren Rd,44446,39155,1.0,1.0,1.0,200281,-1434,2125,2718,-593,10,-845,-835,-6,10.5722445,13.52252261,-2.950278112,0.049751739,-4.2040219310000015,-4.154270192,
39,Ohio-Mentor,7980 Plaza Blvd,44060,78140,1.0,1.0,1.0,2009224,9156,21187,19288,1899,2886,4283,7169,88,130.5931869,143.7683815,-13.17519464,8.067850894,92.84986724,100.9177181,
40,Ohio-North Canton,4932 Portage St NW,44720,78304,1.0,1.0,1.0,1021415,-480,11399,10963,436,1523,-2410,-887,-29,70.30519015,49.01093935,21.2942508,14.38288635,-38.83952003,-24.45663369,
41,Ohio-Elyria,5223 Cobblestone Rd,44035,39093,1.0,1.0,1.0,307441,834,3217,3223,-6,530,329,859,-19,10.47800823,10.49755068,-0.019542446,1.726249414,1.071577466,2.79782688,11677531.0
42,North Carolina-Raleigh,4700 Green Rd - Corner of Capital & Millbrook,27604,37183,1.0,1.0,1.0,1071706,23371,12664,5758,6906,4447,11966,16413,52,11.94693876,5.431970419,6.514968343,4.195201885,11.28846093,15.48366282,14504076.0
43,Michigan-Roseville,32123 Gratiot Ave.,48066,26099,1.0,1.0,1.0,871364,2830,9373,8914,459,2304,117,2421,-50,10.77419481,10.24657767,0.527617136,2.648431115,0.13449064300000002,2.782921758,
44,Michigan-Utica,45160 Utica Park Blvd,48315,26099,1.0,1.0,1.0,871364,2830,9373,8914,459,2304,117,2421,-50,10.77419481,10.24657767,0.527617136,2.648431115,0.13449064300000002,2.782921758,11320082.0
45,North Carolina-Durham,4215 University Dr,27707,74198,1.0,1.0,1.0,5534975,46764,67039,35541,31498,30054,-14726,15328,-62,106.5693798,77.75250386,28.81687596,30.18208869,9.802053841000001,39.98414253,8489352.0
46,Michigan-Troy,200 W 14 Mile Rd,48083,26125,1.0,1.0,1.0,1256016,4989,13544,10564,2980,5554,-3511,2043,-34,10.80476083,8.427458165,2.377302663,4.430717781999999,-2.800909278,1.629808504,
47,Michigan-Bloomfield Hills,2101 S Telegraph Rd,48302,26125,1.0,1.0,1.0,1256016,4989,13544,10564,2980,5554,-3511,2043,-34,10.80476083,8.427458165,2.377302663,4.430717781999999,-2.800909278,1.629808504,
48,Ohio-Columbus,6060 E Main St,43213,39049,1.0,1.0,1.0,2275932,25932,30269,19490,10779,6691,8440,15131,22,277.8266879,254.006893,23.8197949,17.28288016,58.34958038,75.63246054,
49,Michigan-Wixom,10800 Assembly Park Dr,48393,26125,1.0,1.0,1.0,1256016,4989,13544,10564,2980,5554,-3511,2043,-34,10.80476083,8.427458165,2.377302663,4.430717781999999,-2.800909278,1.629808504,5904059.0
50,Ohio-Columbus-North,1160 Gemini Pl,43240,39041,1.0,1.0,1.0,984817,3662,10700,9304,1396,2220,58,2278,-12,61.3904029,62.02256472,-0.6321618170000001,7.091780875,9.206101671,16.29788254,2863949.0
51,North Carolina-Greensboro,6103 Landmark Center Blvd,27407,37081,1.0,1.0,1.0,528243,3978,6190,4519,1671,1603,734,2337,-30,11.7623809,8.587108127,3.175272777,3.046057607,1.394763745,4.440821352,12900315.0
52,Ypsilanti,3100 Washtenaw Ave,48197,26161,1.0,1.0,1.0,368807,2672,3666,2227,1439,1965,-718,1247,-14,9.976297449,6.060342177000001,3.915955273,5.347360744,-1.953895682,3.3934650630000003,6160282.0
53,Ohio-Hilliard,3599 Park Mill Run Dr,43026,78146,1.0,1.0,1.0,3664708,35509,46699,33226,13473,7796,14229,22025,11,505.8133736,450.43778889999993,55.3755848,39.9909398,171.69020880000005,211.6811486,14347484.0
54,Ohio-Toledo,2244 S Reynolds Rd,43614,39095,1.0,1.0,,439572,-1862,5557,4643,914,492,-3277,-2785,9,26.05815574,23.82748801,2.230667724,0.90954466,-9.995617595,-9.086072934,7325231.0
55,Michigan-Saginaw,5417 Bay Rd,48604,52162,1.0,1.0,,480746,194,5571,5434,137,788,-716,72,-15,34.0102845,34.32182175,-0.311537248,4.245780089,-4.18007393,0.065706157,7531534.0
56,Ohio-Huber Heights,8221 Troy Pike,45424,117279,1.0,1.0,1.0,4715344,37641,56660,41253,15407,15105,7180,22285,-51,397.6745448,395.0348415,2.639703355,39.1401023,27.09039106,66.23049337,
57,Ohio-Beavercreek,4480 Indian Ripple Road,45440,78170,1.0,1.0,1.0,4540851,36667,54720,39415,15305,15008,6397,21405,-43,364.3497663,364.1324783,0.217287998,37.72133072,14.39219328,52.113524,
58,North Carolina-Concord,7965 Lyles Ln NW,28027,37025,1.0,1.0,1.0,206988,5349,2564,1502,1062,212,4063,4275,12,12.54934207,7.351447652999999,5.197894412,1.037621107,19.8861064,20.92372751,10257979.0
59,North Carolina-Charlotte Mecklenburg,900 Metropolitan Avenue,28204,37119,,,,1108821,21107,15231,6818,8413,6272,6365,12637,57,23.7734215,22.42964036,1.343781141,6.096392813,8.583621267,14.68001408,
60,Ohio-Loveland,9570 Fields Ertel Rd,45140,117251,1.0,1.0,1.0,2593998,19725,30903,24288,6615,4200,8985,13185,-75,286.3542388,272.804385,13.54985378,22.6701976,39.36136066,62.03155825,
61,North Carolina-Charlotte,11415 Carolina Place Pkwy,28134,37119,1.0,1.0,1.0,1108821,21107,15231,6818,8413,6272,6365,12637,57,23.7734215,22.42964036,1.343781141,6.096392813,8.583621267,14.68001408,16277202.0
62,Ohio-Springdale,11925 Commons Dr,45246,78078,,,,2292588,16016,27587,21910,5677,3550,6865,10415,-76,205.26123,205.3375436,-0.076313559,13.1935017,28.10253079,41.29603248,8138445.0
63,Ohio-Cincinnati,4825 Marburg Ave,45209,39061,1.0,1.0,1.0,1560400,13239,19495,14389,5106,2777,5391,8168,-35,116.81444779999998,110.0768925,6.737555376,8.589509769,19.01628478,27.60579454,
64,Tennessee-Johnson City,3019 Peoples St,37604,94198,1.0,1.0,,2744775,19732,30201,25196,5005,4113,10684,14797,-70,389.8802913,396.1878791,-6.307587872,18.17316255,50.73697882,68.91014138,
65,Michigan-Kalamazoo,4620 Stadium Dr,49008,26077,1.0,1.0,,262998,1694,3115,2205,910,435,363,798,-14,11.88246469,8.411182868,3.471281819,1.659349001,1.3846981319999998,3.0440471330000003,7363892.0
66,Kentucky-Florence,4874 Houston Rd,41042,42132,1.0,1.0,1.0,685399,5040,8380,5702,2678,1016,1367,2383,-21,106.6972238,89.69564351,17.00158023,6.605616505,8.31997252,14.92558903,9118646.0
67,Michigan-Georgetown Township,334 Chicago Dr,49428,26139,1.0,1.0,,364389,2692,4115,3012,1103,331,1274,1605,-16,40.47923177,47.35528913,-6.876057355,1.5047585140000002,-3.227852485,-1.723093969,8103070.0
68,Kentucky-Lexington,1996 Pavilion Way,40509,42116,1.0,1.0,,3813011,54461,45944,32600,13344,4910,36084,40994,123,262.2854955,272.0258473,-9.740351791,17.90206877,-3.879941609,14.02212715,12481889.0
69,Indiana-Noblesville,301 Noble Creek Dr,46060,36152,1.0,1.0,1.0,2949176,22816,35925,28125,7800,3882,11180,15062,-46,344.8011336,306.5077883,38.29334528,31.29756941,132.3569132,163.6544826,10809046.0
70,South Carolina-Greenville,35 Park Woodruff Dr,29607,45045,1.0,1.0,1.0,506831,7709,6328,4429,1899,1465,4339,5804,6,12.58110468,8.80558038,3.775524304,2.91266093,8.626645579,11.53930651,12086290.0
71,Indiana-Indianapolis NW,3015 W 86th St,46268,54165,1.0,1.0,1.0,4126136,31861,52259,40195,12064,7814,12060,19874,-77,401.0486125,409.6015461,-8.552933615,23.98477108,32.8716395,56.85641058,
72,Indiana-Greenwood,7667 Shelby St,46227,18097,1.0,1.0,1.0,2045945,14228,26583,21669,4914,4122,5221,9343,-29,190.8412335,219.2975039,-28.45627045,9.400710538,5.04531959,14.44603013,
73,Kentucky-Jeffersontown,11501 Bluegrass Pkwy,40299,42140,1.0,1.0,1.0,3305154,8290,40105,33308,6797,4138,-2555,1583,-90,299.04629,285.8583076000001,13.18798238,27.05347608,31.34840854,58.40188464,16466476.0
74,South Carolina-Charleston,6185 Rivers Ave,29406,90034,1.0,1.0,1.0,731622,12728,8906,5847,3059,711,8900,9611,58,36.73437574,24.50076046,12.23361528,2.293824591,40.35755995,42.65138454,10861802.0
75,Indiana-Avon,216 Gable Crossing Dr,46123,18063,1.0,1.0,1.0,163622,3246,1756,1216,540,186,2519,2705,1,10.83957308,7.506219174,3.33335391,1.148155236,15.549478699999998,16.69763394,
76,Indiana-Lafayette,3530 State Road 38,47905,54195,1.0,1.0,,1108827,3398,11953,10954,999,1802,612,2414,-15,244.866324,257.60750690000003,-12.7411829,16.32480573,8.14290881,24.46771455,
77,Tennessee-Farragut,11501 Parkside Dr,37934,47093,1.0,1.0,1.0,697743,5114,7843,7434,409,816,3883,4699,6,101.3528703,114.4668027,-13.11393239,5.770371502000001,-1.525547646,4.244823861,
78,Indiana-Merrillville,101 W Lincoln Hwy,46410,18089,1.0,1.0,,1915343,9120,20248,18412,1836,2853,4338,7191,93,120.589245,134.4356306,-13.84638563,7.716274661,93.43582763,101.1521023,5373783.0
79,Indiana-Bloomington,3175 W 3rd St,47404,36224,1.0,1.0,,1586324,1663,16065,14858,1207,3629,-3133,496,-40,198.03753730000003,219.7693781,-21.73184082,17.55770943,-11.59887552,5.9588339060000015,
80,Kentucky-Elizabethtown,1811 North Dixie Hwy,42701,21093,1.0,1.0,1.0,243340,1809,2909,2466,443,149,1224,1373,-7,65.04747137,75.98320550000003,-10.93573414,3.179333058,7.549116096,10.72844916,5976307.0
81,Illinois-Crestwood,13180 S Cicero Avenue,60445,17031,1.0,1.0,1.0,5223445,-23327,65900,41540,24360,17899,-65682,-47783,96,34.11558653,30.73144869,3.384137834,7.523013731,1.18340021,8.706413944,
82,Wisconsin-Greenfield,4601 S 27th St,53221,55079,1.0,1.0,1.0,950172,-4669,13436,8293,5143,2609,-12441,-9832,20,14.10594048,8.706502265,5.3994382189999985,2.73908892,-13.06132819,-10.32223927,7685201.0
83,Georgia-Augusta,1323 Augusta West Parkway,30909,26318,1.0,1.0,1.0,1215172,6029,14110,10739,3371,1049,1630,2679,-21,128.24401899999998,130.7039173,-2.459898234,11.56164808,40.63241089,52.19405897,
84,Wisconsin-Wauwatosa,3201 N Mayfair Rd,53222,55079,1.0,1.0,1.0,950172,-4669,13436,8293,5143,2609,-12441,-9832,20,14.10594048,8.706502265,5.3994382189999985,2.73908892,-13.06132819,-10.32223927,
85,Illinois-Elmhurst,265 Illinois 83,60126,34074,1.0,1.0,1.0,6153710,-24318,76420,47822,28598,20962,-74034,-53072,156,45.41817189,37.4807682,7.937403685,10.81387105,-7.789907102000001,3.023963947,
86,Illinois-Schaumburg West,101 Barrington Rd,60194,17031,1.0,1.0,1.0,5223445,-23327,65900,41540,24360,17899,-65682,-47783,96,34.11558653,30.73144869,3.384137834,7.523013731,1.18340021,8.706413944,
87,Illinois-Aurora,956 N Route 59,60504,51225,1.0,1.0,1.0,1640178,4461,19148,10580,8568,3471,-7648,-4177,70,56.13909147,35.30347114,20.83562032,5.628898852000001,66.12939418,71.75829302,
88,Illinois-Geneva,2100 South Randall Road,60134,17089,1.0,1.0,1.0,539792,1769,6691,3316,3375,202,-1813,-1611,5,23.50300982,15.02346699,8.47954282,-0.285435937,24.67270161,24.38726567,
89,Illinois-Lake in the Hills,101 Randall Rd,60156,17111,1.0,1.0,1.0,313705,576,3200,2175,1025,86,-530,-444,-5,23.63749556,17.492529100000002,6.14496646,0.279686621,-17.60031194,-17.32062531,
90,Wisconsin-Grand Chute,3820 W Wisconsin Ave,54914,110226,1.0,1.0,,651464,575,7955,6025,1930,837,-2181,-1344,-11,46.17633011,38.0003048,8.176025315,4.09185571,-8.679403402,-4.587547693,
91,Georgia-Athens,2656 Atlanta Hwy,30606,26278,1.0,1.0,1.0,306043,3856,3115,2731,384,700,2761,3461,11,75.70821013,74.57137281,1.136837334,10.93816402,51.32169406,62.25985809,
92,Georgia-Pooler,300 Tanger Outlet Blvd,31322,13051,1.0,1.0,,360498,2241,4436,3194,1242,522,499,1021,-22,21.86039769,18.9263307,2.934066987,1.645354561,19.81430389,21.45965845,
93,Georgia-Buford,1605 Buford Hwy,30518,26274,1.0,1.0,1.0,1181382,15795,15539,6477,9062,3965,2805,6770,-37,49.06707806,40.80547416,8.261603894,9.254465246,-14.12270597,-4.86824073,9483031.0
94,Georgia-Snellville,2420 Wisteria Dr SW,30078,13135,1.0,1.0,1.0,918186,13224,11955,4271,7684,3482,2103,5585,-45,13.11467857,4.685302565,8.429376002,3.819766689,2.306998664,6.126765353,7991578.0
95,Tennessee-Chattanooga,482 McBrien Rd,37412,47065,1.0,1.0,1.0,1560400,13239,19495,14389,5106,2777,5391,8168,-35,116.81444779999998,110.0768925,6.737555376,8.589509769,19.01628478,27.60579454,8201875.0
96,Indiana-Evansville,101 N Green River Rd.,47715,18163,1.0,1.0,,180954,-473,2186,2017,169,109,-742,-633,-9,12.06465019,11.13193021,0.932719983,0.601576794,-4.095137438,-3.493560645,
97,Georgia-Norcross,1887 Willow Trail Pkwy NW,30093,13135,1.0,1.0,1.0,918186,13224,11955,4271,7684,3482,2103,5585,-45,13.11467857,4.685302565,8.429376002,3.819766689,2.306998664,6.126765353,8072844.0
98,Tennessee-Mt. Juliet,535 Pleasant Grove Rd,37122,141375,1.0,1.0,1.0,1511444,16933,19745,12562,7183,3748,6030,9778,-28,96.54013654,78.10162988,18.43850667,8.594407367999999,67.58373508,76.17814245,
99,Wisconsin-Madison East,2201 Zeier Rd,53704,55025,1.0,1.0,,537453,6157,6070,3330,2740,2031,1388,3419,-2,11.35907496,6.231584777999999,5.127490178,3.800705311,2.597429331,6.3981346420000005,
100,Georgia-Kennesaw,2875 George Busbee Pkwy NW,30144,13067,1.0,1.0,1.0,752649,4471,9379,4216,5163,2286,-2970,-684,-8,12.49844253,5.618235812999999,6.880206713,3.046320462,-3.957817923,-0.911497461,15431128.0
101,Wisconsin-Madison West,7050 Watts Rd,53719,55025,1.0,1.0,,537453,6157,6070,3330,2740,2031,1388,3419,-2,11.35907496,6.231584777999999,5.127490178,3.800705311,2.597429331,6.3981346420000005,
102,Georgia-Stockbridge,5000 Mt Zion Pkwy,30281,39461,1.0,1.0,1.0,899977,9734,10688,7807,2881,906,5966,6872,-19,141.60750900000005,144.8830446,-3.275535534,6.039142265,53.77634091,59.81548316,
103,Tennessee-Nashville West,3701 Annex Ave,37209,94058,1.0,1.0,1.0,892705,2831,12328,7686,4642,3018,-4753,-1735,-76,37.62593333,29.49646319,8.12947015,4.459989547,9.717291437,14.17728098,
104,Georgia-Douglasville,7400 Douglas Blvd,30135,13097,1.0,1.0,1.0,1476140,17160,18073,10843,7230,2760,7196,9956,-26,133.3962524,116.328371,17.06788143,13.94632536,49.70439807,63.65072344,9066496.0
105,Tennessee-Franklin,209 S Royal Oaks Blvd,37064,94224,1.0,1.0,1.0,1691687,27609,21447,12065,9382,4831,13413,18244,-17,59.51341099,41.38568489,18.12772611,9.681469754,40.50483744,50.1863072,
106,Tennessee-Clarksville,2780 Wilma Rudolph Blvd,37040,47125,1.0,1.0,,3752791,33333,45972,30878,15094,14154,4101,18255,-16,214.0230124,197.131075,16.89193749,28.69511824,-7.395507546,21.2996107,7090017.0
107,Georgia-Warner Robins,2063 Watson Blvd,31093,13153,1.0,1.0,,307504,1963,3878,2960,918,259,799,1058,-13,58.79483399,57.05695877,1.737875214,2.093578909,22.13646942,24.23004833,6584405.0
108,Georgia-Newnan,361 Newnan Crossing Bypass,30265,13077,1.0,1.0,1.0,143153,2656,1668,1082,586,192,1874,2066,4,11.76097303,7.629120395,4.131852635,1.3537810680000002,13.2134673,14.56724837,
109,Alabama-Huntsville,1401 Memorial Pkwy NW,35816,1089,1.0,1.0,,1388776,9577,16430,13736,2694,1105,5789,6894,-11,227.9866857,196.4308958,31.5557899,22.70805964,113.3406285,136.0486881,7293928.0
110,Georgia-Columbus,3131 Manchester Expy,31909,13215,1.0,1.0,,193836,-2383,2866,1966,900,317,-3617,-3300,17,14.69536347,10.08062966,4.61473382,1.625411801,-18.54610247,-16.92069067,7481912.0
111,Illinois-O'Fallon,1287 Central Park Dr,62269,34282,1.0,1.0,1.0,1907672,9323,22334,19275,3059,1281,5003,6284,-20,271.9967988,244.2584894,27.73830938,23.11954582,127.7398438,150.85938969999995,10253582.0
112,Florida-Orange Park,1919 Wells Rd,32073,24050,1.0,1.0,1.0,1660412,20674,21520,14970,6550,4766,9339,14105,19,224.8472639,240.1202788,-15.27301489,15.23181266,6.360488124,21.59230077,12275099.0
113,Alabama-Trussville,5036 Pinnacle Square,35235,1073,1.0,1.0,1.0,3224885,7243,39254,32605,6649,4140,-3455,685,-91,288.3748414,277.0427631,11.33207828,27.07855587,20.06250526,47.14106114,4896069.0
114,Missouri-Fenton,665 Gravois Bluffs Blvd,63026,58288,1.0,1.0,1.0,4420890,5444,52629,44801,7828,6650,-8935,-2285,-99,309.526068,297.6035115,11.92255649,29.97604793,14.07816626,44.05421419,10329866.0
115,Missouri-Ballwin,13907 Manchester Road,63011,29189,1.0,1.0,1.0,1196005,-1799,13375,12196,1179,2510,-5480,-2970,-8,21.15122653,20.56074832,0.590478209,2.897492063,-5.984339006,-3.0868469430000003,
116,Missouri-O'Fallon,20 O'Fallon Square,63366,29183,1.0,1.0,1.0,395130,4589,4563,2985,1578,624,2404,3028,-17,11.615549,7.598600432,4.01694857,1.588451146,6.119609862000001,7.708061008,8192195.0
117,Alabama-Hoover,5501 Grove Blvd,35226,1073,1.0,1.0,1.0,3224885,7243,39254,32605,6649,4140,-3455,685,-91,288.3748414,277.0427631,11.33207828,27.07855587,20.06250526,47.14106114,7549332.0
118,Alabama-Montgomery,1500 Eastdale Mall,36117,1101,1.0,1.0,,3752791,33333,45972,30878,15094,14154,4101,18255,-16,214.0230124,197.131075,16.89193749,28.69511824,-7.395507546,21.2996107,6167703.0
119,Iowa-Waterloo,2060 Crossroads Blvd #2001,50702,19013,1.0,1.0,,132238,-839,1674,1295,379,323,-1548,-1225,7,12.61896237,9.761981041,2.856981324,2.434841603,-11.66914799,-9.234306391,5115481.0
120,Florida-Lake Mary,3750 Flagg Ln,32746,12117,1.0,1.0,1.0,495899,6390,5147,4050,1097,2511,2801,5312,-19,35.78718465,39.1215129,-3.334328253,5.461931626,-19.74690501,-14.28497339,
121,Florida-Orlando,11100 E Colonial Dr,32817,12095,1.0,1.0,1.0,5222822,42437,62756,33475,29281,28154,-14943,13211,-55,92.75278281,71.08776199,21.66502081,24.05284883,9.10203013,33.15487895,
122,Minnesota-Blaine,4405 NE Pheasant Ridge Dr,55449,54126,1.0,1.0,1.0,906685,7100,12181,6640,5541,2587,-979,1608,-49,40.52706082,26.4948273,14.03223352,8.675821356,-2.610529704,6.065291652999999,9505440.0
123,Minnesota-Burnsville,14230 Burnhaven Dr,55306,27037,1.0,1.0,1.0,441528,3694,5570,2873,2697,550,471,1021,-24,30.19483393,16.25232742,13.9425065,2.728703313,-20.61590138,-17.88719807,10153496.0
124,Tennessee-Memphis,5280 Summer Ave,38122,47157,1.0,1.0,1.0,1353766,1923,18060,11870,6190,1750,-6013,-4263,-4,110.7755644,95.32712839,15.44843601,5.749562718,-20.84496738,-15.09540467,11587119.0
125,Tennessee-Memphis South,7697 Winchester Rd,38125,47157,1.0,1.0,1.0,1353766,1923,18060,11870,6190,1750,-6013,-4263,-4,110.7755644,95.32712839,15.44843601,5.749562718,-20.84496738,-15.09540467,6803906.0
126,Florida-Clermont,1002 E State Rd 50,34711,12069,1.0,1.0,1.0,1915343,9120,20248,18412,1836,2853,4338,7191,93,120.589245,134.4356306,-13.84638563,7.716274661,93.43582763,101.1521023,
127,Florida-Kissimmee,3003 W Vine St,34741,12097,1.0,1.0,1.0,382911,15437,4706,2578,2128,6727,6554,13281,28,33.85755967,30.50888593,3.34867374,19.85016723,13.24261607,33.09278329,
128,Iowa-Clive,10331 University Ave,50325,38202,1.0,1.0,,4280535,61347,60811,32144,28667,18388,14333,32721,-41,205.43340580000003,195.2477007,10.18570504,22.15591331,143.528996,165.68490930000004,11224223.0
129,Florida-Lutz,2160 Grand Cypress Dr,33559,24158,1.0,1.0,1.0,2365081,47118,26643,19862,6781,13543,26701,40244,93,32.41182194,27.44982061,4.962001319,13.43341233,36.68805177,50.1214641,
130,Florida-Clearwater,25813 US Hwy 19 N,33763,12103,1.0,1.0,1.0,968341,8467,8291,11926,-3635,2911,9156,12067,35,8.599663419,12.36998986,-3.770326442,3.01937284,9.496866273,12.51623911,
131,Florida-Palm Beach Gardens,100 Gander Way,33403,12099,1.0,1.0,1.0,1470344,19454,15148,14671,477,12207,6842,19049,-72,10.37095967,10.04438535,0.32657431800000003,8.357427032999999,4.684321763,13.0417488,
132,Florida-Ellenton,6126 US-301,34222,12081,1.0,1.0,1.0,385506,10133,3484,4074,-590,1460,9213,10673,50,9.1578293,10.70866721,-1.550837912,3.837666699,24.21672828,28.05439498,
133,Missouri-Springfield,3700 S Campbell Ave,65807,29077,1.0,1.0,,788060,3334,8748,8537,211,854,2296,3150,-27,150.3267539,167.0014034,-16.67464949,9.026212475,21.78770082,30.813913300000007,
134,Missouri-Lee's Summit,601 N State Highway 291,64086,29095,1.0,1.0,1.0,1739632,10292,21347,17913,3434,1904,4959,6863,-5,283.9612987,256.9449634,27.01633522,17.38407074,-6.6309411360000015,10.75312961,7287163.0
135,Missouri-Kansas City,600 NE Barry Rd,64155,58212,1.0,1.0,1.0,854122,11514,9935,7677,2258,1186,8051,9237,19,233.5108523,245.4863196,-11.97546729,15.28074346,22.15847165,37.4392151,7852840.0
136,Alabama-Mobile,312 Schillinger Rd,36608,1097,1.0,1.0,1.0,414045,-900,5585,4434,1151,385,-2431,-2046,-5,13.47422768,10.69735461,2.776873062,0.92884112,-5.864968214,-4.936127094,8115437.0
137,Mississippi-Jackson,6360 Ridgewood Court Dr,39211,28049,1.0,1.0,,239929,-2247,3111,2218,893,143,-3293,-3150,10,12.90590224,9.201315066,3.704587175,0.593231765,-13.66092449,-13.06769272,7771019.0
138,Kansas-Olathe,2000 E Santa Fe St,66062,20091,1.0,1.0,1.0,1217559,14261,14693,9063,5630,1856,6803,8659,-28,131.8271384,120.3937738,11.43336453,10.89812653,29.09882816,39.9969547,9517243.0
139,Arkansas-Little Rock,11801 Chenal Pkwy,72211,5119,1.0,1.0,,572911,-1468,7266,5825,1441,655,-3557,-2902,-7,82.14733939,81.3495078,0.797831595,5.3229713180000005,-47.43885145,-42.11588014,13060682.0
140,Mississippi-Hattiesburg,1000 Turtle Creek Dr,39402,84139,1.0,1.0,1.0,274817,-607,3531,3094,437,134,-1175,-1041,-3,85.77936953,86.02175752,-0.242387987,3.014430087,-18.41429829,-15.3998682,5562508.0
141,Iowa-Council Bluffs,3271 Marketplace Dr.,51501,19155,1.0,1.0,1.0,93416,-102,1192,946,246,3,-349,-346,-2,12.75316422,10.12121925,2.631944965,0.03209689,-3.733938181,-3.701841292,
142,Nebraska-Omaha,12990 W Center Rd,68144,31055,1.0,1.0,1.0,1476140,17160,18073,10843,7230,2760,7196,9956,-26,133.3962524,116.328371,17.06788143,13.94632536,49.70439807,63.65072344,
143,Mississippi-Gulfport,15065 Creosote Rd,39503,28047,1.0,1.0,,435666,2095,5399,4688,711,279,1109,1388,-4,92.45803852,94.65080006,-2.192761556,2.209717006,7.990822357000001,10.20053936,6141457.0
144,South Dakota-Sioux Falls,1601 W 41st St,57105,46099,1.0,1.0,,189538,3270,2948,1442,1506,1513,255,1768,-4,15.68894589,7.674172312,8.01477358,8.052026844,1.357083176,9.40911002,
145,Arkansas-Rogers,3551 S 27th St,72758,5007,1.0,1.0,,674317,14441,8544,5148,3396,1502,9520,11022,23,104.7209316,95.51694121,9.203990354,11.79967054,62.9917667,74.79143724,3370196.0
146,Nebraska-Lincoln,6845 S 27th St,68512,31109,1.0,1.0,,958240,9180,12207,8486,3721,2530,2952,5482,-23,44.09600161,48.17420816,-4.078206557,8.531425994,36.7834233,45.3148493,
147,Louisiana-Slidell,150 North Shore Blvd,70460,22103,1.0,1.0,1.0,255921,3453,2972,2176,796,117,2551,2668,-11,11.6918344,8.560374044,3.131460358,0.460277465,10.03562233,10.49589979,6031073.0
148,Louisiana-Kenner,1000 W Esplanade Blvd,70065,22051,1.0,1.0,1.0,436126,-446,5862,4291,1571,1060,-3064,-2004,-13,13.43420061,9.833871511,3.600329094,2.429248148,-7.021902193,-4.592654045,
149,Oklahoma-Tulsa,11015 E 51st St,74146,40143,1.0,1.0,1.0,646437,486,9461,5882,3579,1161,-4249,-3088,-5,14.64111397,9.102529581,5.538584387999999,1.796674064,-6.575424718,-4.778750654,15536355.0
150,Louisiana-Shreveport,1376 East 70th St,71105,22017,1.0,1.0,,245935,-2902,3285,2784,501,20,-3434,-3414,11,13.27884359,11.25366836,2.025175232,0.080845319,-13.88114121,-13.80029589,4217035.0
151,Kansas-Wichita,301 S Towne East Mall Dr,67207,20173,1.0,1.0,,515487,-5,7177,4535,2642,302,-2941,-2639,-8,21.17062159,23.20589063,-2.035269033,0.165950719,-35.73530129,-35.56935057,
152,Louisiana-Lafayette,4210 Ambassador Caffery Pkwy,70508,22055,1.0,1.0,,241756,481,3404,1748,1656,181,-1357,-1176,1,14.09433349,7.237630711,6.856702779,0.749434301,-5.618686999,-4.869252698,
153,Oklahoma-Oklahoma City North,2201 NW 138 St,73134,40109,,,,786068,1457,11694,7156,4538,1322,-4377,-3055,-26,14.89037544,9.111982779,5.778392657,1.683348412,-5.573385778,-3.890037366,
154,Texas-Tyler,3900 Troup Hwy,75703,48423,1.0,1.0,,266615,2323,3611,2537,1074,199,1057,1256,-7,49.57383710000001,48.82995103,0.7438860740000001,0.902862065,14.51638792,15.41924998,
155,Oklahoma-Moore,621 SW 19th St,73160,80136,1.0,1.0,1.0,1170906,3281,15818,10436,5382,1678,-3732,-2054,-47,46.74175019,43.13673237,3.605017822,3.424215776,-7.1244953,-3.700279525,10029908.0
156,Oklahoma-Oklahoma City,701 S MacArthur Blvd,73128,80126,1.0,1.0,1.0,926069,5072,13459,8120,5339,1376,-1629,-253,-14,27.66232202,16.08770884,11.57461317,2.074104851,14.31177524,16.38588009,15169414.0
157,Texas-Garland,3002 Firewheel Pkwy,75040,48113,1.0,1.0,1.0,2770606,31010,42019,17685,24334,13795,-6995,6800,-124,67.20393844,56.22170683,10.98223161,8.049984132999999,11.85113589,19.90112003,
158,Texas-Plano-East,2704 Central Expy,75074,48085,1.0,1.0,1.0,971864,28122,11099,4335,6764,5890,15446,21336,22,11.5879779,4.525982901,7.061995003,6.149490031,16.12648948,22.27597951,
159,Texas-Plano West,5540 State Highway 121,75024,96206,1.0,1.0,1.0,1807228,55274,21086,8052,13034,8537,33574,42111,129,23.74074723,9.049047244,14.69169999,9.370515405,38.1857067,47.5562221,
160,Texas-Mesquite,2727 Towne Centre Dr,75150,48113,1.0,1.0,1.0,2770606,31010,42019,17685,24334,13795,-6995,6800,-124,67.20393844,56.22170683,10.98223161,8.049984132999999,11.85113589,19.90112003,12684187.0
161,Texas-Farmers Branch,13307 Midway Rd,75244,48113,1.0,1.0,1.0,2770606,31010,42019,17685,24334,13795,-6995,6800,-124,67.20393844,56.22170683,10.98223161,8.049984132999999,11.85113589,19.90112003,10487183.0
162,Texas-Lewisville,2512 S Stemmons Fwy,75067,96234,1.0,1.0,1.0,3605970,58162,52006,21402,30604,16442,11133,27575,-17,79.35670777,60.74477117,18.6119366,11.27100951,33.91035311,45.18136262,
163,Texas-Grand Prairie,2650 W Interstate 20,75052,96552,1.0,1.0,1.0,4827057,63905,70427,30817,39610,21464,2978,24442,-147,81.12940474,62.65895069,18.47045406,11.80929141,16.739853,28.54914441,
164,Texas-N. Richland Hills,8651 Airport Fwy,76180,48439,1.0,1.0,1.0,2056451,32895,28408,13132,15276,7669,9973,17642,-23,13.9254663,6.437243858,7.488222447,3.759307276,4.888717103,8.648024377999999,9541904.0
165,Texas-Alliance,2201 Porter Creek Dr,76177,96560,1.0,1.0,1.0,2891815,60047,38395,16849,21546,10316,28101,38417,84,26.07823563,10.9603082,15.11792743,6.98033265,26.94793432,33.92826697,12881769.0
166,Texas-Mansfield,602 U.S. Hwy 287,76063,144829,1.0,1.0,1.0,3480120,51907,45648,23823,21825,9658,20466,30124,-42,182.1891171,158.74521289999996,23.44390425,17.55850883,20.16929369,37.72780254,
167,Texas-Fort Worth,5608 SW Loop 820,76132,48439,1.0,1.0,1.0,2056451,32895,28408,13132,15276,7669,9973,17642,-23,13.9254663,6.437243858,7.488222447,3.759307276,4.888717103,8.648024377999999,
168,Texas-Conroe,16778 I-45 South,77384,48339,1.0,1.0,1.0,3752791,33333,45972,30878,15094,14154,4101,18255,-16,214.0230124,197.131075,16.89193749,28.69511824,-7.395507546,21.2996107,17538894.0
169,Texas-Humble,9450 FM 1960 Bypass Rd West,77338,48201,1.0,1.0,1.0,4691915,34322,71282,26276,45006,34234,-45081,-10847,163,23.73284004,14.18219418,9.550645866,7.347100701,-0.370605253,6.9764954470000005,11632721.0
170,Texas-Wichita Falls,3111 Midwestern Pkwy #200,76308,96494,1.0,1.0,,142593,386,1731,1582,149,231,12,243,-6,31.99016922,34.83335293,-2.843183712,1.7567608680000002,0.471762167,2.228523035,4753529.0
171,Texas-Webster,20780 Gulf Fwy,77598,48201,1.0,1.0,1.0,4691915,34322,71282,26276,45006,34234,-45081,-10847,163,23.73284004,14.18219418,9.550645866,7.347100701,-0.370605253,6.9764954470000005,16712759.0
172,Texas-Willowbrook,12605 N Gessner Dr,77064,48201,1.0,1.0,1.0,4691915,34322,71282,26276,45006,34234,-45081,-10847,163,23.73284004,14.18219418,9.550645866,7.347100701,-0.370605253,6.9764954470000005,
173,Texas-Cypress,24340 Northwest Freeway,77429,48201,1.0,1.0,1.0,4691915,34322,71282,26276,45006,34234,-45081,-10847,163,23.73284004,14.18219418,9.550645866,7.347100701,-0.370605253,6.9764954470000005,
174,South Dakota-Rapid City,2200 N Maple Ave,57701,92196,1.0,1.0,,184885,2034,2172,1613,559,283,1186,1469,6,54.91856499,49.30699382,5.611571184,4.640782616,23.25872586,27.89950847,4859955.0
175,Texas-Pearland,3000 Kirby Dr,77584,48039,1.0,1.0,1.0,361853,8698,4683,2330,2353,415,5911,6326,19,13.09915414,6.517409595,6.58174454,1.160826173,16.53408074,17.69490691,3746033.0
176,Texas-College Station,2301 Earl Rudder Fwy,77845,48041,1.0,1.0,,223917,4178,2717,976,1741,1411,1018,2429,8,12.24822836,4.399805255,7.848423102999999,6.3607840310000014,4.589141136,10.94992517,
177,Texas-Katy,19420 Katy Fwy.,77094,48201,1.0,1.0,1.0,4691915,34322,71282,26276,45006,34234,-45081,-10847,163,23.73284004,14.18219418,9.550645866,7.347100701,-0.370605253,6.9764954470000005,
178,Texas-Sugar Land,16960 Southwest Fwy,77479,48157,1.0,1.0,1.0,767712,23552,9832,3187,6645,6051,10867,16918,-11,13.00639208,4.215965373,8.790426703,8.004645896,14.375555599999998,22.3802015,11700825.0
179,Texas-Richmond,4833 Waterview Meadow Dr,77406,48157,1.0,1.0,1.0,767712,23552,9832,3187,6645,6051,10867,16918,-11,13.00639208,4.215965373,8.790426703,8.004645896,14.375555599999998,22.3802015,3710485.0
180,Texas-Pflugerville,19000 Limestone Commercial Dr,78660,96944,1.0,1.0,1.0,2066933,46844,25273,10408,14865,8056,23797,31853,126,46.74719012,27.02846833,19.71872178,10.3036821,48.27861631,58.58229842,12307343.0
181,Texas-Cedar Park,4801 183A Toll Rd,78613,96944,1.0,1.0,1.0,2066933,46844,25273,10408,14865,8056,23797,31853,126,46.74719012,27.02846833,19.71872178,10.3036821,48.27861631,58.58229842,14719949.0
182,Texas-South Austin,5151 US Hwy 290,78735,48453,1.0,1.0,1.0,1227585,21475,15674,5607,10067,6245,5098,11343,65,12.88082525,4.607808292,8.273016956000001,5.132113926000001,4.189514298,9.321628224,
183,Texas-New Braunfels,642 S Walnut Ave,78130,144487,1.0,1.0,1.0,519496,21746,5792,3457,2335,527,18768,19295,116,44.68806967,32.8671362,11.82093347,2.921112074,121.6295113,124.5506233,
184,Texas-Live Oak,7613 N Loop 1604 E,78233,48029,1.0,1.0,1.0,1956988,29337,27411,13348,14063,4445,10806,15251,23,14.11250827,6.872195846,7.24031242,2.288500939,5.563451327,7.851952266,13597490.0
185,Colorado-Johnstown,4900 Thompson Pkwy,80534,8123,1.0,1.0,,305885,10173,4272,1837,2435,265,7423,7688,50,14.20219848,6.107078327000001,8.095120155,0.880988436,24.67764966,25.55863809,
186,Texas-San Antonio,8421 US Hwy 281,78216,48029,1.0,1.0,1.0,1956988,29337,27411,13348,14063,4445,10806,15251,23,14.11250827,6.872195846,7.24031242,2.288500939,5.563451327,7.851952266,10601858.0
187,Colorado-Longmont,955 S Hover St,80503,16082,1.0,1.0,1.0,666525,6291,6019,4205,1814,1182,3281,4463,14,18.09790327,12.63325044,5.4646528320000005,3.59787877,9.530891507,13.12877027,
188,Colorado-Broomfield,1660 W Midway Blvd,80020,24073,1.0,1.0,1.0,4395602,15025,53252,41166,12086,6458,-3418,3040,-101,446.3831989,409.8863593,36.49683959,59.39051312,20.97897888,80.36949200000002,
189,Texas-San Antonio NW,6840 NW Loop 410,78238,48029,1.0,1.0,1.0,1956988,29337,27411,13348,14063,4445,10806,15251,23,14.11250827,6.872195846,7.24031242,2.288500939,5.563451327,7.851952266,
190,Colorado-Colorado Springs,335 N Academy Blvd,80909,8041,1.0,1.0,1.0,1537500,14274,22188,9872,12316,1428,500,1928,30,28.85548622,12.93623951,15.91924672,1.823966258,2.174717357,3.998683615,6999499.0
191,Texas-Lubbock,4304 W Loop 289,79407,96522,1.0,1.0,,328390,3253,4390,2663,1727,420,1103,1523,3,26.30183896,16.80042164,9.50141732,1.543369007,-2.956190588,-1.412821581,
192,Texas-Corpus Christi,4949 Greenwood Dr,78416,48355,1.0,1.0,,361235,-407,4618,2912,1706,562,-2676,-2114,1,12.77672412,8.056695676,4.720028442,1.5548979980000002,-7.4037491860000015,-5.848851187999999,8525128.0
193,Texas-Odessa,4101 E 42nd St,79762,48135,1.0,1.0,,156951,-907,2717,1196,1521,343,-2786,-2443,15,17.26126,7.598257991,9.663002011,2.179099073,-17.69962104,-15.52052197,3980520.0
194,Montana-Billings,905 S 24th St W,59102,30111,1.0,1.0,,159266,1352,1936,1491,445,96,818,914,-7,12.20757929,9.401601614,2.805977678,0.60533451,5.157954473999999,5.763288984,
195,Texas-Laredo,5000 San Dario Ave,78041,48479,1.0,1.0,,273691,1390,5115,1413,3702,593,-2916,-2323,11,18.73653826,5.175900013,13.56063825,2.172192999,-10.68147519,-8.509282187,
196,Texas-Pharr,1600 W Kelly Ave,78577,48215,1.0,1.0,,860547,7263,14732,4350,10382,564,-3681,-3117,-2,30.66474852,17.10319085,13.56155767,1.12308622,-12.3950746,-11.27198838,
197,New Mexico-Albuquerque,11150 Lomas Blvd,87112,35001,1.0,1.0,,678203,520,7360,5755,1605,824,-1873,-1049,-36,10.85636993,8.48891426,2.367455671,1.215441416,-2.762769141,-1.547327725,7377183.0
198,Texas-El Paso,1120 McRae Blvd,79925,48141,1.0,1.0,1.0,1537500,14274,22188,9872,12316,1428,500,1928,30,28.85548622,12.93623951,15.91924672,1.823966258,2.174717357,3.998683615,4839401.0
199,Texas-El Paso West,655 Sunland Park Dr,79912,48141,1.0,1.0,1.0,1537500,14274,22188,9872,12316,1428,500,1928,30,28.85548622,12.93623951,15.91924672,1.823966258,2.174717357,3.998683615,
200,Utah-West Bountiful,190 500 W,84010,49011,1.0,1.0,1.0,355627,5743,5732,1905,3827,316,1616,1932,-16,35.33018183,14.37906783,20.95111399,0.91906151,4.2635404910000005,5.182602001,
201,Utah-Riverdale,1134 W Riverdale Rd,84405,98068,1.0,1.0,1.0,607203,10188,9576,3736,5840,716,3639,4355,-7,50.74604726,21.7220568,29.02399045,2.523209838,12.37652066,14.8997305,
202,Utah-Provo,1165 S University Ave,84601,49049,1.0,1.0,1.0,606742,16454,11873,2448,9425,1554,5447,7001,28,19.83743098,4.090123055,15.74730792,2.596426155,9.100857957,11.69728411,
203,Utah-Sandy,203 W 9000 S,84070,49035,1.0,1.0,1.0,1136719,16610,17368,6686,10682,5571,376,5947,-19,15.39151411,5.9251303160000015,9.466383792,4.937017797,0.333211038,5.270228835,
204,Utah-West Jordan,7453 Plaza Center Dr,84084,49035,1.0,1.0,1.0,1136719,16610,17368,6686,10682,5571,376,5947,-19,15.39151411,5.9251303160000015,9.466383792,4.937017797,0.333211038,5.270228835,
205,Idaho-Coeur D' Alene,201 W Neider Ave,83815,16055,1.0,1.0,,157320,4301,1826,1453,373,-99,4011,3912,16,11.76777653,9.363953612000001,2.403822916,-0.63801198,25.84915206,25.21114008,
206,Washington-Spokane,7619 N Division St,99208,53063,1.0,1.0,,505623,8734,6076,4491,1585,666,6461,7127,22,12.12155067,8.959493752,3.162056913,1.3286624,12.88962127,14.21828367,
207,Arizona-Tucson,5255 E Broadway Blvd,85711,4019,1.0,1.0,1.0,1026391,9684,11102,9504,1598,2022,6076,8098,-12,10.86780957,9.30351848,1.564291091,1.97934705,5.947830207000001,7.927177257,
208,Arizona-Prescott,1801 East State Route 69,86301,4025,1.0,1.0,,228082,3507,1833,3074,-1241,-19,4747,4728,20,8.098847472000001,13.58202789,-5.483180421,-0.083948774,20.97393832,20.88998955,
209,Arizona-Mesa,1944 S Greenfield Rd,85206,4013,1.0,1.0,1.0,4327184,71041,53268,30350,22918,9492,38534,48026,97,12.41197032,7.071849877999999,5.340120445,2.211729787,8.978802742000001,11.19053253,
210,Arizona-Scottsdale,15255 N Northsight Blvd,85260,4013,1.0,1.0,1.0,4327184,71041,53268,30350,22918,9492,38534,48026,97,12.41197032,7.071849877999999,5.340120445,2.211729787,8.978802742000001,11.19053253,
211,Arizona-Gilbert,1891 Williams Field Rd,85295,4013,1.0,1.0,1.0,4327184,71041,53268,30350,22918,9492,38534,48026,97,12.41197032,7.071849877999999,5.340120445,2.211729787,8.978802742000001,11.19053253,4109812.0
212,Arizona-Phoenix,12025 N 32nd St,85028,4013,1.0,1.0,1.0,4327184,71041,53268,30350,22918,9492,38534,48026,97,12.41197032,7.071849877999999,5.340120445,2.211729787,8.978802742000001,11.19053253,10082286.0
213,Arizona-Tempe South,1050 W Elliot Rd,85284,4013,1.0,1.0,1.0,4327184,71041,53268,30350,22918,9492,38534,48026,97,12.41197032,7.071849877999999,5.340120445,2.211729787,8.978802742000001,11.19053253,
214,Arizona-Peoria,10140 N 91st Ave,85345,4013,1.0,1.0,1.0,4327184,71041,53268,30350,22918,9492,38534,48026,97,12.41197032,7.071849877999999,5.340120445,2.211729787,8.978802742000001,11.19053253,
215,Washington-Kennewick,867 N Columbia Center Blvd,99336,53005,1.0,1.0,,674317,14441,8544,5148,3396,1502,9520,11022,23,104.7209316,95.51694121,9.203990354,11.79967054,62.9917667,74.79143724,
216,Nevada-Henderson,10405 S Eastern Ave,89052,32003,1.0,1.0,1.0,3028849,52324,37452,24483,12969,3251,35937,39188,167,149.0614637,135.6862594,13.37520434,7.807828969,-8.468836926,-0.661007964,6426667.0
217,Washington-Union Gap,2530 Rudkin Rd,98903,53077,1.0,1.0,,249922,595,3869,2075,1794,-24,-1173,-1197,-2,15.49927992,8.312485353,7.186794565,-0.096144409,-4.699057985,-4.795202394,
218,Washington-Bellingham,1001 E Sunset Dr,98226,53073,1.0,1.0,,221410,4993,2226,1741,485,526,3956,4482,26,10.16839985,7.952912909,2.2154869390000003,2.402775526,18.0710646,20.47384012,
219,Washington-Puyallup,301 37th Ave SE,98374,53053,1.0,1.0,1.0,952056,17241,12478,7557,4921,1530,10738,12268,52,55.82069875,50.13388627,5.686812486,2.345786031,-6.767407617999999,-4.421621588,
220,California-Riverside,2663 Canyon Springs Pkwy,92507,6065,1.0,1.0,,2414964,34883,30246,16410,13836,1594,19490,21084,-37,12.6155229,6.844565587999999,5.770957311,0.664852989,8.129225065,8.794078054,
221,California-San Diego,12080 Carmel Mountain Rd,92128,6073,1.0,1.0,,3321237,15148,42299,21535,20764,10259,-15748,-5489,-127,12.76502771,6.498850366,6.266177339,3.095969626,-4.752444651,-1.656475025,
222,California-Foothill Ranch,26532 Towne Centre Dr Suites A & B,92610,6059,1.0,1.0,,5222822,42437,62756,33475,29281,28154,-14943,13211,-55,92.75278281,71.08776199,21.66502081,24.05284883,9.10203013,33.15487895,
223,California-Clovis,1075 Shaw Ave,93612,6019,1.0,1.0,,985238,8408,14759,7060,7699,1180,-438,742,-33,15.04433078,7.196488603,7.847842175,1.202812543,-0.4464677070000001,0.7563448359999999,
224,California-San Jose,750 Newhall Dr,95110,6085,,,,1932510,4142,22639,10225,12414,17926,-26261,-8335,63,11.72738429,5.296722663,6.430661627,9.285970704,-13.60364145,-4.317670747,
